name,price
Party Sleeveless Embellished Women's Top,698
Annulus Solid Wood Dressing Table,22900
109f Checkered Women's Regular Skirt,1499
11e Women Flats,499
1OAK Women's Floral Print Casual Shirt,899
2 Dost Women Wedges,1099
Brown Shiver Me Timbers Boots,2795
22nd Street Women's Self Design Casual Shirt,649
24 Carat Lace Up Shoes,1500
3 Degre Full Sleeve Solid Men's Jacket,2199
3a Autocare 3D MAT Car Mat Suzuki New Swift,2100
3D Mat Floor Car Mat Toyota Innova,7250
3kFactory Baby Shower Cap- Purple,399
3wish CUR-BLUE Silver Blue 8023 Analog Watch  - For Boys Men",2999
4D Lenovo IdeaPad L08O6D02 6 Cell Laptop Battery,3500
4thneed Solid Men's Polo T-Shirt,1100
5 FEELINGS wagon R 2010 small Car Mat Maruti WagonR,3250
612 League Baby Boy's Checkered Casual Shirt,545
Polyester Steel Sliding Pin Shirt Stud,599
720 Armour Hitman Asian Fit T948B2-18-H-P Sports Goggles,7690
883 Police Full Sleeve Solid Men's Jacket,7499
925 Silver Alloy Silver Bracelet,1599
Moves Boots,3149
999store Medium Paper Sticker,999
99Gems LR GOLD 5 in 1 MOBILE / MP3 USB USB Cable,199
99HomeMart Alloy Cubic Zirconia Bangle Set,2059
A A STORE Regular Fit Women's Trousers,1599
Â Tarkan Unique Style-2016 Umbrella,1999
Aadi Alloy Metal Bangle,1200
Aadishwar Creations Solid Protective Men's Gloves,899
Aaditri28 Golden Ganesha Showpiece  -  13 cm,900
Aadolf Women Heels,1400
B R TRADING AYRA JEWEL Brooch,600
Baaamboos Men's Solid Formal Shirt,795
BAAJ Running Shoes,999
Baalaa Printed Women's Straight Kurta,799
Babeezworld Baby Boy's Romper,999
C Kreul Acrylic Color Bottle,335
C&E  TV-out Cable High Speed HDMI Cable Male to Female 15 Feet 3 Pack",3657
C&S Shopping Gallery Women's Leggings,1199
C. O. Bigelow Barber Cologne - Elixir White - No. 1585,1899
C.E Collection Polyester Green Floral Eyelet Door Curtain,799
D Muse by Dressberry Women's Printed Casual Shirt,1299
D&D Women Flats,999
D2Nine Casual Printed Women's Kurti,1399
Da Intimo Casual Lingerie Set,1599
DailyObjects Back Cover for Apple iPad 2 3 4,1999
elf Cosmetics Studio brow Kit Ash Brow Makeup Brush Mirror Girly Elf Fun Sexy 3 g,1064
E2O Hand Bag,1595
Eaglemoss Publications Dc Superhero Chess & Magazine 54 Ocean Master Black Pawn,4262
Earth Conscious Graphic Print Baby Boy's Jumpsuit,625
Earthrosystem Cotton Bath Towel,1999
F Factor by Pantaloons Men's Solid Formal Shirt,1399
F&S Casual Party Short Sleeve Self Design Women's Top,1299
Fab Fashion Alloy Necklace,950
FabAlley Casual Full Sleeve Solid Women's Top,1100
Fabarena Casual Self Design Women's Kurti,1149
G & M Collections Striped Women's A-line Skirt,999
G&G Minion It Was't Me Ceramic Mug,299
GadgetGuru Youth Edition 300 Mbps,3990
Gadgetshieldz 1358SPFB Screen Guard for Nokia Lumia 830,899
Gadget-Wagon Consistant 2.1 Channel Home Theater Speaker System with USB Memory Card & FM Radio Mini Hi-Fi System,4250
H D ENTERPRISE 750 ml Cooking Oil Dispenser,899
H2O Plus Eye Oasis Moisture Replenishment Treatment,1400
Habbana Party Sleeveless Solid Women's Top,1525
Hadwin Tortoise Showpiece  -  7 cm,699
Haier 247 L Frost Free Double Door Refrigerator,24300
I Am For You Casual Full Sleeve Solid Women's Top,999
iAccy Book Cover for iPad Air 2,1999
IaD Organic Compost Soil Manure,500
Iamyou Casual 3/4 Sleeve Solid Women's Top,699
i-Bag 1163 Backpack,1120
J Hampstead Men's Checkered Formal Shirt,1599
J.D.H. 111-222 Boots,1500
Jaabili Men's Solid Formal Shirt,899
Jacadi paris Baby Boy's Striped Casual Blue Shirt,3699
Jack & Jones Printed Men's Round Neck T-Shirt,995
k shopping Cotton Printed Salwar Suit Dupatta Material,1299
K&N 1 Bike Spark Plug 1 Air Filter-Honda CB Trigger Combo,2999
K&P Dr.Ambedkar Large 04 Showpiece  -  19 cm,3579
k~style TG-138 Tempered Glass for Huawei Honor 6,999
KA Women's Kurta Pyjama & Dupatta Set,1450
L Oreal Couleur Experte Express  Hair Color,6061
L&T Tripper BA10100C MCB,158
La Amber Metal Bracelet,1200
Laadli Bouitique Cotton Floral Print Multi-purpose Fabric,175
Lab No. 4 Analog 30 cm Dia Wall Clock,950
M S Rugs Pink Blue Wool Dhurrie,5300
MA Design Hut Showpiece  -  8 cm,679
Maayas Shoulder Bag,2249
Maayin Plain Heart - Silver Sterling Silver Sterling Silver Stud Earring,466
Mable Brass - Pair Of Duck- Hand Carved Showpiece  -  64 cm,7800
N Choice NC004 Backpack,4999
Naaz 2 in 1 Paper Quilling Board Game,230
Nagar Handloom Floral Double Blanket Multi,2350
Naisha Canvas Shoes,999
Nakashi Alloy Yellow Gold Bracelet,1199
O And O Printed Men's Round Neck T-Shirt,999
O' My Lady Casual Solid Women's Kurti,1500
o.h.m Solid Men's Black Track Pants,1099
OASIS WALLCHARGER_G_03 Battery Charger,699
OBS 360 Rotating Supper Vaccum Suction Car Mount Holder Stand yellow,550
P.N.Gadgil Jewellers Gold Diamond 18K Yellow Gold 18 K Ring,22752
Pack N Buy 4 Compartments Plastic Stationary Holder,850
Packman 8 x 10 inches Security Bags Without POD Jacket Courier Bag Security Bag,350
Packy Poda Car Mat Honda Brio,2000
Page3 P3TBB01 Women's Tube Bra,399
Q&Q DA37J504Y Analog Watch  - For Women,2165
Qbee Women's Solid Casual Shirt,1799
Qline Superman Wired Headset,999
QP360 Kid Fan 01 MLY2015 USB USB Fan,799
Q-rious Accord Women's Full Coverage Bra,309
R Factor Casual Sleeveless Geometric Print Women's Top,2000
R&Mshoppee MDF Wall Shelf,900
R.B Cotton Bath Towel,1999
R.S D&G16 Analog Watch  - For Men,1199
R18Jewels-Fashion&U Fabulous Princess Metal Bangle,750
S C Handicrafts Sandalwood Carved Chinese Queen Big Showpiece  -  20 cm,11900
S.B Textiles Casual Solid Women's Kurti,1099
S.m.a.R.T FEET Women Wedges,1499
s2s Trimmer rechargeable hair remover 280r Shaver For Women Men,999
S4S Comfortable Women's Full Coverage Bra,799
T STAR UFT-TSW-005-BK-BR Analog Watch  - For Boys,999
Taaza Garam 6 Axis Seeker 2.4GHZ Remote Control Drone,3799
TAB91 Casual Short Sleeve Printed Women's Top,1499
Tabu 22 Activities English Learner Laptop Toy,2999
tadd Mens Womens Ankle Length Socks,499
U & ME Cotton Plastic Diaper Reuseable Pad Small -Blue,350
U&F Women's Maxi Dress,1299
U. R. GOD Business / Visiting 10 Card Holder,599
UAG Book Cover for APPLE IPAD MINI 4,3499
Uber Urban Slim Fit Men's Trousers,4497
V & B GALLERY Universal 3 in 1 Clip Camera professional class Kit (fish eye wide angle and macro lens) Mobile Phone Lens,499
V&G Professional HD-36 Hair Dryer,2999
V&V ART Brass Bracelet,470
V3iShop Animal Print Women's Three Fourths,1000
V3Squared V-neck Solid Men's Pullover,1299
W Regular Fit Women's Trousers,1699
W.A.Y Embellished Women's Jumpsuit,4599
Waama Jewels Metal Cubic Zirconia Yellow Gold Bracelet,1949
Wadhwa creations Car Cover For CR-V,2525
Wajbee Casual 3/4 Sleeve Solid Women's Top,999
X Doria Book Case for iPad / 2,2295
X360 905 24.675 L Backpack,1250
X-Doria Back Cover for iPad / 2,2495
XEBAC For Alcatel One Touch Idol X+ USB Cable,500
Xemex ST1025SL07 New Generation Analog Watch  - For Women,650
Yaari Self Design Women's Wrap Around Skirt,799
Yahe Women Heels,749
Yale YDR3110 Smart Door Lock,19999
Yardley 12 Combo Set,378
Yash Women's Animal Print Casual Shirt,950
Zacharias Men's Vest,1398
Zachho HC183 Loafers,1449
Zadine Printed Cotton Women's Harem Pants,799
Zaera Women Flats,1690
Zaffre's Purple 183 cm Table Runner,369
